{
  "marketing_stripe": {
    "text": "Parcelamos em até 18x presencialmente e com as melhores taxas disponível no mercado",
    "link": "",
    "color": "#f1f0ee",
    "background": "#1a3843"
  },
  "contacts_stripe": {
    "pages": [
      {
        "title": "Sobre nós",
        "link": "/pages/sobre-nos"
      }
    ],
    "phone_wpp": true,
    "socials": true
  },
  "categories_list": {
    "featured": [],
    "random": 6,
    "full_width": false
  },
  "desktop_megamenu": false,
  "search_input": true,
  "alphabetical_order_submenu": false,
  "full_width_submenu": false
}